link,publication,title
https://www.gouvernement.fr/une-prime-a-la-conversion-renforcee-pour-accompagner-les-automobilistes-touches-par-la-hausse-des,Contenu • Jeudi 18 Octobre 2018,Une prime à la conversion renforcée pour accompagner les automobilistes touchés par la hausse des prix des carburants
https://www.gouvernement.fr/les-actions-du-gouvernement/transition-ecologique/puis-je-etre-aide-pour-acheter-une-voiture-moins,Action • Mercredi 7 Août 2019,Puis-je être aidé pour acheter une voiture moins polluante ?
https://www.gouvernement.fr/argumentaire/co2-une-nouvelle-ambition-a-l-echelle-europeenne-pour-que-les-nouveaux-vehicules,Argumentaire • Jeudi 11 Octobre 2018,CO2: une nouvelle ambition à l’échelle européenne pour que les nouveaux véhicules consomment moins
https://www.gouvernement.fr/partage/10774-groupe-vale-en-nouvelle-caledonie,Document • Mercredi 5 Décembre 2018,Groupe VALE en Nouvelle-Calédonie
https://www.gouvernement.fr/argumentaire/environnement-l-etat-s-engage-contre-la-pollution-de-l-air,Argumentaire • Lundi 23 Juillet 2018,Environnement: l'État s'engage contre la pollution de l'air
https://www.gouvernement.fr/voitures-autonomes-un-rapport-pour-developper-la-filiere-automobile-francaise,Contenu • Jeudi 4 Octobre 2018,Voitures autonomes: un rapport pour développer la filière automobile française
https://www.gouvernement.fr/argumentaire/plan-hydrogene-faire-de-notre-pays-un-leader-mondial-de-cette-technologie,Argumentaire • Lundi 4 Juin 2018,"Plan hydrogène: ""faire de notre pays un leader mondial de cette technologie"""
https://www.gouvernement.fr/ce-qui-change-au-1er-janvier-2020,Contenu • Vendredi 13 Décembre 2019,Ce qui change au 1er janvier 2020
https://www.gouvernement.fr/journee-mondiale-de-l-environnement-combattons-la-pollution-de-l-air,Contenu • Mercredi 5 Juin 2019,Journée mondiale de l’environnement: combattons la pollution de l’air
https://www.gouvernement.fr/transports-un-projet-de-loi-pour-penser-les-mobilites-de-demain,Contenu • Lundi 26 Novembre 2018,Transports: un projet de loi pour penser les mobilités de demain
https://www.gouvernement.fr/argumentaire/500-millions-d-euros-supplementaires-pour-accompagner-la-transition-ecologique,Argumentaire • Jeudi 15 Novembre 2018,500 millions d'euros supplémentaires pour accompagner la transition écologique
https://www.gouvernement.fr/l-innovation-au-service-de-l-attractivite-de-la-france,Contenu • Mercredi 15 Mai 2019,L’innovation au service de l’attractivité de la France
https://www.gouvernement.fr/la-peche-electrique-c-est-fini,Contenu • Vendredi 16 Août 2019,"La pêche électrique, c'est fini! "
https://www.gouvernement.fr/trajectoire-outre-mer-50-sur-les-pas-de-la-cop21-dans-les-territoires,Contenu • Mardi 9 Avril 2019,Trajectoire Outre-mer 5.0: sur les pas de la COP21 dans les territoires
https://www.gouvernement.fr/conseil-des-ministres/2018-07-06,Compte rendu du conseil des ministres • Vendredi 6 Juillet 2018,Compte rendu du Conseil des ministres du 6 juillet 2018
https://www.gouvernement.fr/argumentaire/paquet-solidarite-climatique-quatre-mesures-concretes-pour-les-foyers-modestes,Argumentaire • Mardi 19 Septembre 2017,Paquet solidarité climatique: quatre mesures concrètes pour les foyers modestes
https://www.gouvernement.fr/communique-naio-technologies-leve-14-millions-d-euros-pour-accelerer-son-developpement,Contenu • Jeudi 9 Janvier 2020,[Communiqué] Naïo technologies lève 14 millions d’euros pour accélérer son développement 
https://www.gouvernement.fr/partage/11084-discours-a-l-occasion-de-la-visite-sur-le-site-de-la-plateforme-de-recherche-en-energetique-myrte,Document • Jeudi 4 Juillet 2019,Discours à l'occasion de la visite sur le site de la plateforme de recherche en énergétique MYRTE
https://www.gouvernement.fr/grand-defi-developpement-du-stockage-de-l-energie-haute-densite-pour-une-mobilite-durable,Contenu • Dimanche 10 Novembre 2019,[Grand Défi] Développement du stockage de l’énergie haute densité pour une mobilité durable
https://www.gouvernement.fr/partage/10514-communique-de-presse-6eme-comite-interministeriel-pour-la-reconstruction-des-iles-de-saint,Document • Lundi 17 Septembre 2018,Communiqué de presse- 6ème comité interministériel pour la reconstruction des îles de Saint Barthélémy et de Saint Martin
https://www.gouvernement.fr/ce-qu-il-faut-retenir-du-2e-conseil-de-defense-ecologique,Contenu • Mercredi 10 Juillet 2019,Ce qu'il faut retenir du 2e Conseil de défense écologique
https://www.gouvernement.fr/partage/11083-discours-du-premier-ministre-a-ajaccio-concernant-la-plateforme-de-recherche-energetique-myrte,Vidéo • Jeudi 4 Juillet 2019,"Corse, territoire de la transition énergétique"
https://www.gouvernement.fr/conseil-des-ministres/2017-11-07,Compte rendu du conseil des ministres • Mardi 7 Novembre 2017,Compte rendu du Conseil des ministres du 7 novembre 2017
https://www.gouvernement.fr/conseil-des-ministres/2018-11-14,Compte rendu du conseil des ministres • Mercredi 14 Novembre 2018,Compte rendu du Conseil des ministres du 14 novembre 2018
https://www.gouvernement.fr/partage/10680-deplacement-d-edouard-philippe-a-l-autodrome-de-linas-montlhery,Document • Jeudi 15 Novembre 2018,Déplacement d'Edouard Philippe à l’autodrome de Linas-Montlhéry
https://www.gouvernement.fr/partage/9785-visite-de-l-entreprise-snie-societe-nouvelle-installations-electriques-a-brie-comte-robert-seine-et,Galerie • Jeudi 30 Novembre 2017,"Le Premier ministre, Édouard Philippe, visite l'entreprise SNIE (Société Nouvelle Installations Electriques)"
https://www.gouvernement.fr/argumentaire/mix-energetique-presentation-des-principaux-enseignements-du-rapport-rte,Argumentaire • Mercredi 8 Novembre 2017,Mix énergétique: présentation des principaux enseignements du rapport RTE
https://www.gouvernement.fr/programmation-pluriannuelle-de-l-energie-quelle-ambition,Contenu • Mercredi 28 Novembre 2018,Programmation pluriannuelle de l’énergie: quelle ambition? 
https://www.gouvernement.fr/48-startups-soutenues-par-le-programme-d-investissements-d-avenir-integrent-le-french-tech-120,Contenu • Mercredi 29 Janvier 2020,48 startups soutenues par le Programme d’investissements d’avenir intègrent le French Tech 120
https://www.gouvernement.fr/partage/9744-discours-d-edouard-philippe-au-conseil-national-de-l-industrie,Document • Lundi 20 Novembre 2017,Discours d'Édouard Philippe au Conseil National de l’Industrie
https://www.gouvernement.fr/les-vetements-invendus-ne-pourront-bientot-plus-etre-detruits,Contenu • Mercredi 26 Juin 2019,Les vêtements invendus ne pourront bientôt plus être détruits
https://www.gouvernement.fr/partage/9783-le-premier-ministre-edouard-philippe-rendra-visite-a-l-entreprise-snie-societe-nouvelle,Document • Mercredi 29 Novembre 2017,"Le Premier ministre, Édouard Philippe, rendra visite à l'entreprise SNIE (Société Nouvelle Installations Electriques) à Brie-Comte-Robert (Seine-et-Marne)"
https://www.gouvernement.fr/initiatives-pme-systemes-electriques-intelligents-2934,Contenu • Mardi 29 Septembre 2015,Initiatives PME – Systèmes électriques intelligents
https://www.gouvernement.fr/forum-french-institutes-of-technology-le-sgpi-aux-cotes-des-irt-et-des-ite,Contenu • Mercredi 9 Octobre 2019,FORUM « FRENCH INSTITUTES OF TECHNOLOGY »: LE SGPI AUX COTES DES IRT ET DES ITE
https://www.gouvernement.fr/signature-du-nouveau-projet-vedecom-institut-pour-la-transition-energetique-ite,Contenu • Jeudi 13 Février 2014,Signature du nouveau projet VeDeCoM- Institut pour la Transition Energétique (ITE)
https://www.gouvernement.fr/les-actions-du-gouvernement/transition-ecologique/comment-se-chauffer-de-facon-plus-economique-et,Action • Jeudi 8 Août 2019,Comment se chauffer de façon plus économique et écologique ?
https://www.gouvernement.fr/partage/9789-visite-d-edouard-philippe-et-muriel-penicaud-a-l-entreprise-snie,Vidéo • Vendredi 1 Décembre 2017,Visite d'Édouard Philippe et Muriel Pénicaud à l'entreprise SNIE
https://www.gouvernement.fr/ce-qui-change-au-1er-juillet-2019,Contenu • Lundi 1 Juillet 2019,Ce qui change au 1er juillet 2019
https://www.gouvernement.fr/le-g7-a-biarritz-pour-un-monde-plus-equitable-et-durable,Contenu • Jeudi 22 Août 2019,Le G7 à Biarritz: pour un monde plus équitable et durable
https://www.gouvernement.fr/mobilite-et-qualite-de-l-air-lancement-de-l-appel-a-projets-solutions-integrees-de-mobilite-gaz-5508,Contenu • Jeudi 21 Juillet 2016,Mobilité et qualité de l’air: Lancement de l’appel à projets « Solutions Intégrées de Mobilité Gaz Naturel Véhicule (GNV) »
https://www.gouvernement.fr/general-electric-50-millions-euros-re-industrialisation-compenser-engagement-non-tenu,Contenu • Mercredi 6 Février 2019,General Electric: 50 millions d'euros consacrés à la ré-industrialisation
https://www.gouvernement.fr/logement-3-nouvelles-aides-pour-soutenir-le-pouvoir-d-achat-des-menages-modestes,Contenu • Jeudi 19 Septembre 2019,Logement: 3 nouvelles aides pour soutenir le pouvoir d’achat des ménages modestes 
https://www.gouvernement.fr/affairedusiecle-depuis-18-mois-le-gouvernement-agit-en-faveur-du-climat,Contenu • Vendredi 28 Décembre 2018,"#AffaireDuSiècle: depuis 18 mois, le Gouvernement agit en faveur du climat"
https://www.gouvernement.fr/foire-de-paris-honneur-a-l-innovation,Contenu • Vendredi 26 Avril 2019,Foire de Paris: honneur à l’innovation!
https://www.gouvernement.fr/2019-le-pouvoir-d-achat-des-francais-est-en-hausse,Contenu • Lundi 28 Janvier 2019,2019: le pouvoir d’achat des Français est en hausse
https://www.gouvernement.fr/partage/9979-22-fevrier-1987-premier-vol-de-l-airbus-a320-fruit-de-l-excellence-europeenne,Vidéo • 22 Février 1987,"Premier vol de l'Airbus A320, fruit de l'excellence européenne"
https://www.gouvernement.fr/partage/11341-discours-du-premier-ministre-a-l-issue-du-seminaire-gouvernemental,Document • Mercredi 15 Janvier 2020,Discours du Premier ministre à l’issue du séminaire gouvernemental
https://www.gouvernement.fr/bilan-2019-des-actes-antireligieux-antisemites-racistes-et-xenophobes,Contenu • Mardi 28 Janvier 2020,"Bilan 2019 des actes antireligieux, antisémites, racistes et xénophobes"
https://www.gouvernement.fr/loi-anti-casseurs-prevenir-les-violences-lors-des-manifestations-et-sanctionner-leurs-auteurs,Contenu • Mardi 5 Février 2019,"Loi ""anti-casseurs"": prévenir les violences lors des manifestations et sanctionner leurs auteurs"
https://www.gouvernement.fr/partage/9742-visiste-du-site-de-l-entreprise-valeo-a-bobigny,Galerie • Lundi 20 Novembre 2017,Visite du site de l’entreprise Valeo à Bobigny
https://www.gouvernement.fr/conseil-des-ministres/2018-11-26,Compte rendu du conseil des ministres • Lundi 26 Novembre 2018,Compte rendu du Conseil des ministres du 26 novembre 2018
https://www.gouvernement.fr/les-actions-du-gouvernement/interieur/passer-mon-permis-de-conduire-sera-t-il-moins-cher-et-plus,Action • Vendredi 9 Août 2019,Passer mon permis de conduire sera-t-il moins cher et plus rapide ?
https://www.gouvernement.fr/partage/10416-deplacement-d-edouard-philippe-sur-le-tour-de-france,Document • Jeudi 19 Juillet 2018, Déplacement d'Édouard Philippe sur le Tour de France 
https://www.gouvernement.fr/initiatives-pme-vehicules-et-transports-edition-septembre-2015-2937,Contenu • Mardi 29 Septembre 2015,Initiatives PME – Véhicules et transports édition septembre 2015
https://www.gouvernement.fr/vehicule-dans-son-environnement-2582,Contenu • Jeudi 16 Juillet 2015,Véhicule dans son environnement
https://www.gouvernement.fr/permis-de-conduire-3-nouvelles-mesures-pour-un-nouveau-permis,Contenu • Lundi 22 Juillet 2019,Permis de conduire: 3 nouvelles mesures pour un nouveau permis
https://www.gouvernement.fr/electricite-tarifs-periode-hivernale,Contenu • Mercredi 30 Janvier 2019,Électricité: les tarifs n’augmenteront pas en période hivernale
https://www.gouvernement.fr/securite-routiere-une-baisse-record-de-la-mortalite-en-2018,Contenu • Vendredi 31 Mai 2019,Sécurité routière: une baisse record de la mortalité en 2018
https://www.gouvernement.fr/partage/9335-conference-nationale-des-territoires-17-juillet,Document • Jeudi 13 Juillet 2017,Conférence nationale des territoires- 17 juillet 2017
https://www.gouvernement.fr/cahier-des-charges-de-l-aap-vehicule-routier-et-mobilite-du-futur-edition-2015,Contenu • Jeudi 5 Mars 2015,Cahier des charges de l’AAP Véhicule routier et mobilité du futur – Edition 2015
https://www.gouvernement.fr/une-loi-pour-lutter-contre-le-gaspillage-des-produits-neufs-invendus,Contenu • Lundi 14 Janvier 2019,Une loi pour lutter contre le gaspillage des produits neufs invendus
https://www.gouvernement.fr/partage/9739-m-edouard-philippe-presidera-le-conseil-national-de-l-industrie-et-presentera-les-ambitions-du,Document • Vendredi 17 Novembre 2017,Déplacement dans un centre de recherche et développement spécialisé dans les technologies autour du véhicule autonome
https://www.gouvernement.fr/l-europe-au-quotidien,Contenu • Mardi 5 Mars 2019,L'Europe au quotidien
https://www.gouvernement.fr/transports-la-loi-mobilites-sera-enrichie-de-propositions-issues-du-granddebat,Contenu • Vendredi 11 Janvier 2019,Transports: la loi mobilités sera enrichie de propositions issues du #GrandDébat
https://www.gouvernement.fr/partage/10634-commemorations-des-attentats-du-13-novembre-2015,Document • Jeudi 8 Novembre 2018,Commémorations des attentats du 13 novembre 2015
https://www.gouvernement.fr/partage/9868-le-budget-2018-en-clair,Vidéo • Vendredi 29 Décembre 2017,#Budget2018 en clair
https://www.gouvernement.fr/les-questions-que-vous-vous-posez,Contenu • Lundi 2 Décembre 2019,Les questions que vous vous posez
https://www.gouvernement.fr/petit-abecedaire-de-l-economie-circulaire,Contenu • Vendredi 31 Janvier 2020,Petit abécédaire de l’économie circulaire
https://www.gouvernement.fr/rouen-analyses-resultats,Contenu • Vendredi 4 Octobre 2019,Rouen: analyses & résultats
https://www.gouvernement.fr/argumentaire/prison-de-vendin-le-vieil-10-engagements-de-la-garde-des-sceaux,Argumentaire • Mercredi 17 Janvier 2018,Prison de Vendin-le-Vieil: 10 engagements de la garde des Sceaux
https://www.gouvernement.fr/conseil-des-ministres/2018-10-24,Compte rendu du conseil des ministres • Mercredi 24 Octobre 2018,Compte rendu du Conseil des ministres du 24 octobre 2018
https://www.gouvernement.fr/attractivite-une-france-industrielle-et-innovante,Contenu • Mardi 4 Juin 2019,Attractivité: une France industrielle et innovante
https://www.gouvernement.fr/partage/9572-le-francais-clement-ader-parvient-a-faire-decoller-eole-le-premier-avion,Infographie • 9 octobre 1890,"Le Français Clément Ader parvient à faire décoller ""Éole"", le premier avion"
https://www.gouvernement.fr/exploration-spatiale-la-france-poursuit-sur-sa-lancee,Contenu • Vendredi 25 Janvier 2019,Exploration spatiale: la France poursuit sur sa lancée
https://www.gouvernement.fr/une-plateforme-pour-exprimer-vos-idees-de-mobilite,Contenu • Jeudi 24 Janvier 2019,Une plateforme pour exprimer vos idées de mobilité
https://www.gouvernement.fr/l-acte-ii-du-quinquennat-renforce-l-action-gouvernementale-face-a-l-urgence-ecologique,Contenu • Vendredi 14 Juin 2019,L’acte II du quinquennat renforce l’action gouvernementale face à l’urgence écologique
https://www.gouvernement.fr/partage/10334-deplacement-au-centre-de-formation-des-cadres-de-la-brigade-des-sapeurs-pompiers-de-paris,Document • Jeudi 28 Juin 2018,Déplacement au Centre de formation des cadres de la Brigade des Sapeurs-Pompiers de Paris
https://www.gouvernement.fr/partage/10152-deplacement-a-aubagne,Document • Vendredi 27 Avril 2018,Déplacement à Aubagne
https://www.gouvernement.fr/reconstruction-de-saint-martin-et-saint-barthelemy-de-nouvelles-mesures-pour-faire-face-a-l-urgenc-0,Contenu • Jeudi 12 Octobre 2017,Reconstruction de Saint-Martin et Saint-Barthélemy: de nouvelles mesures pour faire face à l’urgence
https://www.gouvernement.fr/partage/10139-discours-du-premier-ministre-sur-l-economie-circulaire,Vidéo • Lundi 23 Avril 2018,Le Premier ministre présente la feuille de route pour l'économie circulaire 
https://www.gouvernement.fr/partage/9972-deplacement-d-edouard-philippe-premier-ministre-a-l-usine-lassigny-de-l-oreal-oise,Document • Jeudi 15 Février 2018,"Déplacement d'Édouard Philippe, Premier ministre, à l'usine Lassigny de l'Oréal (Oise)"
https://www.gouvernement.fr/projet-eic,Contenu • Vendredi 7 Octobre 2016,Projet EIC
https://www.gouvernement.fr/partage/10846-securite-routiere-deplacement-d-edouard-philippe-en-seine-et-marne,Document • Dimanche 27 Janvier 2019,Sécurité routière: déplacement d'Edouard Philippe en Seine-et-Marne
https://www.gouvernement.fr/carburant-les-distributeurs-s-engagent-a-repercuter-au-jour-le-jour-la-baisse-du-cours-du-petrole,Contenu • Vendredi 9 Novembre 2018,Carburant: les distributeurs s'engagent à répercuter au jour le jour la baisse du cours du pétrole sur les prix à la pompe
https://www.gouvernement.fr/partage/9887-discours-du-premier-ministre-comite-interministeriel-de-la-securite-routiere,Document • Mardi 9 Janvier 2018,Discours du Premier ministre: Comité interministériel de la sécurité routière
https://www.gouvernement.fr/partage/11173-discours-de-m-edouard-philippe-premier-ministre-premiere-session-de-la-convention-citoyenne-pour-le,Document • Vendredi 4 Octobre 2019,"Discours de M. Édouard PHILIPPE, Premier ministre Première session de la Convention citoyenne pour le climat"
https://www.gouvernement.fr/deplacement-d-edouard-philippe-et-de-sophie-cluzel-a-rungis-94,Contenu • Samedi 20 Mai 2017,Déplacement d'Édouard Philippe et de Sophie Cluzel à Rungis (94)
https://www.gouvernement.fr/partage/10507-deroule-previsionnel-presentation-du-plan-velo-et-mobilites-actives-a-angers,Document • Jeudi 13 Septembre 2018,Déroulé prévisionnel- Présentation du plan vélo et mobilités actives à Angers 
https://www.gouvernement.fr/partage/10890-reunion-avec-les-quatre-associations-a-l-origine-de-la-petition-l-affaire-du-siecle,Document • Jeudi 14 Février 2019,"Réunion avec les quatre associations à l'origine de la pétition ""l'Affaire du siècle"""
https://www.gouvernement.fr/les-grands-passages-a-l-ordre-du-jour-des-travaux-de-la-commission-nationale-consultative-des-gens,Contenu • Jeudi 15 Décembre 2016,Les grands passages à l’ordre du jour des travaux de la Commission nationale consultative des gens du voyage (CNCGDV)
https://www.gouvernement.fr/ministere-de-la-transition-ecologique-et-solidaire-charge-des-transports,Contenu • Lundi 11 Septembre 2017,"Ministère de la Transition écologique et solidaire, chargé des Transports"
https://www.gouvernement.fr/partage/8628-mission-andromede-le-21-octobre-2001-claudie-haignere-est-la-premiere-femme-francaise-et-europeenne,Vidéo • 21 octobre 2001,Mission Andromède: Claudie Haigneré est la première femme française et européenne à s’envoler à bord de la Station spatiale internationale (ISS)
https://www.gouvernement.fr/conseil-des-ministres/2019-06-12,Compte rendu du conseil des ministres • Mercredi 12 Juin 2019,Compte rendu du Conseil des ministres du 12 juin 2019
https://www.gouvernement.fr/conseil-des-ministres/2019-08-28,Compte rendu du conseil des ministres • Mercredi 28 Août 2019,Compte rendu du Conseil des ministres du 28 août 2019
https://www.gouvernement.fr/argumentaire/80-kmh-la-mesure-entre-en-vigueur-le-1er-juillet,Argumentaire • Lundi 18 Juin 2018,80 km/h: la mesure entre en vigueur le 1er juillet
https://www.gouvernement.fr/partage/9188-deplacement-d-edouard-philippe-premier-ministre-et-de-sophie-cluzel-secretaire-d-etat-aupres-du,Document • Samedi 20 Mai 2017,Déplacement d'Édouard Philippe et de Sophie Cluzel à Rungis (94)
https://www.gouvernement.fr/2018-tout-ce-qui-va-changer,Contenu • Jeudi 28 Décembre 2017,2018: tout ce qui va changer
https://www.gouvernement.fr/partage/9590-deplacement-a-chalus,Document • Mercredi 11 Octobre 2017,Déplacement à Châlus- Plan pour l'égal accès aux soins dans les territoires
https://www.gouvernement.fr/argumentaire/plf-2018-un-budget-de-transformation-et-de-pouvoir-d-achat,Argumentaire • Jeudi 28 Septembre 2017,PLF 2018: un budget de transformation et de pouvoir d’achat
https://www.gouvernement.fr/peut-on-se-passer-de-l-intelligence-artificielle,Contenu • Vendredi 5 Avril 2019,Peut-on se passer de l'intelligence artificielle?
https://www.gouvernement.fr/guide-des-aap-ami-et-actions-du-pia-ouverts-au-1er-janvier-2016-3680,Contenu • Lundi 25 Janvier 2016,"Guide des AAP, AMI et actions du PIA ouverts au 1er janvier 2016"
https://www.gouvernement.fr/partage/11089-discours-de-m-edouard-philippe-premier-ministre-forum-international-paris-europlace,Document • Mardi 9 Juillet 2019,"Discours de M. Édouard PHILIPPE, Premier ministre, au Forum international Paris Europlace"
https://www.gouvernement.fr/partage/10044-m-edouard-philippe-se-rendra-dans-la-sarthe-vendredi-16-mars-2018,Document • Mercredi 14 Mars 2018,Déplacement dans la Sarthe 
https://www.gouvernement.fr/credits-photographiques,Contenu • Samedi 20 Septembre 2014,Crédits photographiques 
https://www.gouvernement.fr/partage/11327-declaration-du-premier-ministre-a-l-issue-de-la-reunion-multilaterale-avec-les-organisations,Document • Jeudi 19 Décembre 2019,Déclaration du Premier ministre à l’issue de la réunion multilatérale avec les organisations syndicales et patronales 
https://www.gouvernement.fr/candidater,Contenu • Mardi 4 Avril 2017,Candidater
https://www.gouvernement.fr/transition-numerique-de-l-etat-4024,Contenu • Mercredi 16 Mars 2016,Transition numérique de l’État
https://www.gouvernement.fr/argumentaire/assises-de-la-mobilite-construire-ensemble-les-transports-du-quotidien-de-demain,Argumentaire • Mercredi 20 Septembre 2017,Assises de la mobilité: construire ensemble les transports du quotidien de demain
https://www.gouvernement.fr/partage/11249-signature-de-la-convention-de-partenariat-entre-l-etat-et-la-fondation-pour-la-memoire-de-l,Document • Vendredi 15 Novembre 2019,Signature de la convention de partenariat entre l’État et la fondation pour la mémoire de l’esclavage- Discours du Premier ministre
https://www.gouvernement.fr/transparence-rouen,Contenu • Mardi 1 Octobre 2019,Le Gouvernement s’engage pour une totale transparence
https://www.gouvernement.fr/smic-heures-supplementaires-csg-le-president-de-la-republique-repond-aux-francais,Contenu • Mardi 11 Décembre 2018,"Smic, heures supplémentaires, CSG… le président de la République répond aux Français"
https://www.gouvernement.fr/le-14-juillet-2017-operationnels-ensemble,Contenu • Mercredi 12 Juillet 2017,Le 14 juillet 2017: « Opérationnels ensemble »
https://www.gouvernement.fr/les-elections-europeennes-pourquoi-comment,Contenu • Jeudi 18 Octobre 2018,"Les élections européennes: pourquoi, comment?"
https://www.gouvernement.fr/conseil-des-ministres/2019-03-20,Compte rendu du conseil des ministres • Mercredi 20 Mars 2019,Compte rendu du Conseil des ministres du 20 mars 2019
https://www.gouvernement.fr/conseil-des-ministres/2019-02-13,Compte rendu du conseil des ministres • Mercredi 13 Février 2019,Compte rendu du Conseil des ministres du 13 février 2019
https://www.gouvernement.fr/partage/10302-premier-tour-de-france,Infographie • 1 juillet 1903,Départ du premier Tour de France cycliste
https://www.gouvernement.fr/le-ministere-des-sports,Contenu • Mardi 17 Octobre 2017,Le ministère des Sports
https://www.gouvernement.fr/csg-education-prix-des-carburants-ce-qu-il-faut-retenir-de-l-interview-d-edouard-philippe,Contenu • Jeudi 20 Septembre 2018,"CSG, éducation, prix des carburants... Ce qu’il faut retenir de l’interview d’Edouard Philippe"
https://www.gouvernement.fr/conseil-des-ministres/2019-10-09,Compte rendu du conseil des ministres • Mercredi 9 Octobre 2019,Compte rendu du Conseil des ministres du 9 octobre 2019
https://www.gouvernement.fr/partage/11288-102eme-congres-des-maires-et-des-presidents-d-intercommunalite-de-france-discours-du-premier,Document • Jeudi 21 Novembre 2019,102ème Congrès des Maires et des Présidents d'intercommunalité de France- Discours du Premier ministre
https://www.gouvernement.fr/argumentaire/intelligence-artificielle-faire-de-la-france-un-leader,Argumentaire • Jeudi 29 Mars 2018,"Intelligence artificielle:""faire de la France un leader"""
https://www.gouvernement.fr/partage/9221-deplacement-du-premier-ministre-en-haute-marne,Document • Mardi 6 Juin 2017,Déplacement du Premier ministre en Haute-Marne
https://www.gouvernement.fr/ce-qui-change-en-2019,Contenu • Mardi 1 Janvier 2019,Ce qui change en 2019
https://www.gouvernement.fr/conseil-des-ministres/2018-02-08,Compte rendu du conseil des ministres • Jeudi 8 Février 2018,Compte rendu du Conseil des ministres du 8 février 2018
https://www.gouvernement.fr/conseil-des-ministres/2019-07-10,Compte rendu du conseil des ministres • Mercredi 10 Juillet 2019,Compte rendu du Conseil des ministres du 10 juillet 2019
https://www.gouvernement.fr/partage/10524-discours-a-l-occasion-de-la-presentation-du-plan-d-action-pour-transformer-notre-industrie-par-le,Document • Jeudi 20 Septembre 2018,Discours à l'occasion de la présentation du plan d’action pour transformer notre industrie par le numérique
https://www.gouvernement.fr/conseil-des-ministres/2019-05-22,Compte rendu du conseil des ministres • Mercredi 22 Mai 2019,Compte rendu du Conseil des ministres du 22 mai 2019
https://www.gouvernement.fr/partage/10038-facebook-live-du-14-mars-2018,Document • Mercredi 14 Mars 2018,Facebook Live du 14 mars 2018
https://www.gouvernement.fr/ouijevote-1,Contenu • Mardi 30 Mai 2017,"Les élections européennes: pourquoi, comment?"
https://www.gouvernement.fr/partage/11155-discours-du-premier-ministre-congres-national-de-l-association-des-maires-ruraux-de-france,Document • Lundi 23 Septembre 2019,Discours du Premier ministre- Congrès national de l’Association des maires ruraux de France
https://www.gouvernement.fr/partage/9345-plan-france-medecine-genomique-2025-discours-d-edouard-philippe,Document • Lundi 17 Juillet 2017,Plan France médecine génomique 2025: discours d'Édouard Philippe
https://www.gouvernement.fr/la-declaration-de-politique-generale-du-premier-ministre-a-l-assemblee-nationale,Contenu • Jeudi 13 Juin 2019,La déclaration de politique générale du Premier ministre à l'Assemblée nationale
https://www.gouvernement.fr/conseil-des-ministres/2019-04-10,Compte rendu du conseil des ministres • Mercredi 10 Avril 2019,Compte rendu du Conseil des ministres du 10 avril 2019
https://www.gouvernement.fr/partage/11123-discours-du-premier-ministre-conference-des-ambassadeurs-et-des-ambassadrices,Document • Mercredi 28 Août 2019,Discours du Premier ministre- Conférence des Ambassadeurs et des Ambassadrices
https://www.gouvernement.fr/renforcer-la-securite-interieure-et-la-lutte-contre-le-terrorisme,Contenu • Jeudi 22 Juin 2017,Renforcer la sécurité intérieure et la lutte contre le terrorisme
https://www.gouvernement.fr/appel-a-projets-industrie-et-agriculture-eco-efficientes-5505,Contenu • Jeudi 21 Juillet 2016,Appel à projets « Industrie et agriculture éco-efficientes »
https://www.gouvernement.fr/conseil-des-ministres/2017-10-04,Compte rendu du conseil des ministres • Mercredi 4 Octobre 2017,Compte rendu du Conseil des ministres du 4 octobre 2017
https://www.gouvernement.fr/partage/11045-declaration-de-politique-generale-a-l-assemblee-nationale,Vidéo • Mercredi 12 Juin 2019,Édouard Philippe a prononcé sa déclaration de politique générale à l'Assemblée nationale
https://www.gouvernement.fr/partage/11044-declaration-de-politique-generale-d-edouard-philippe-premier-ministre,Document • Mercredi 12 Juin 2019,"Déclaration de politique générale d'Edouard Philippe, Premier ministre"
https://www.gouvernement.fr/proteger,Contenu • Vendredi 4 Mai 2018,Protéger
https://www.gouvernement.fr/partage/10126-declaration-suite-a-la-reunion-de-travail-interministerielle-avec-les-parlementaires-de-mayotte,Document • Jeudi 19 Avril 2018,Déclaration suite à la réunion de travail interministérielle avec les parlementaires de Mayotte
https://www.gouvernement.fr/partage/10926-10eme-anniversaire-de-l-autorite-de-la-concurrence,Document • Mardi 5 Mars 2019,10ème anniversaire de l’Autorité de la concurrence
https://www.gouvernement.fr/conseil-des-ministres/2019-03-27,Compte rendu du conseil des ministres • Mercredi 27 Mars 2019,Compte rendu du Conseil des ministres du 27 mars 2019
https://www.gouvernement.fr/conseil-des-ministres/2017-12-20,Compte rendu du conseil des ministres • Mercredi 20 Décembre 2017,Compte rendu du Conseil des ministres du 20 décembre 2017
https://www.gouvernement.fr/partage/10512-discours-d-edouard-philippe-presentation-du-plan-velo-angers,Document • Vendredi 14 Septembre 2018,Discours d'Édouard PHILIPPE à l'occasion de la présentation du Plan Vélo à Angers
https://www.gouvernement.fr/conseil-des-ministres/2019-07-24,Compte rendu du conseil des ministres • Mercredi 24 Juillet 2019,Compte rendu du Conseil des ministres du 24 juillet 2019
https://www.gouvernement.fr/partage/10714-discours-du-premier-ministre-lors-du-conseil-national-de-l-industrie,Document • Jeudi 22 Novembre 2018, Discours du Premier ministre lors du Conseil national de l’industrie
https://www.gouvernement.fr/conseil-des-ministres/2019-02-06,Compte rendu du conseil des ministres • Mercredi 6 Février 2019,Compte rendu du Conseil des ministres du 6 février 2019
https://www.gouvernement.fr/partage/10819-discours-devant-la-chambre-de-commerce-et-d-industrie-de-cologne,Document • Vendredi 11 Janvier 2019,Discours devant la Chambre de commerce et d'industrie de Cologne
https://www.gouvernement.fr/avis-et-productions-du-cncph,Contenu • Lundi 10 Octobre 2016,Avis et productions du CNCPH
https://www.gouvernement.fr/partage/9993-discours-d-edouard-philippe-sur-la-presentation-du-plan-national-de-prevention-de-la-radicalisation,Document • Vendredi 23 Février 2018,Discours d'Édouard Philippe sur le plan national de prévention de la radicalisation
https://www.gouvernement.fr/conseil-des-ministres/2018-06-18,Compte rendu du conseil des ministres • Lundi 18 Juin 2018,Compte rendu du Conseil des ministres du 18 juin 2018
https://www.gouvernement.fr/partage/10454-discours-du-premier-ministre-a-la-conference-annuelle-des-ambassadeurs-et-des-ambassadrices,Document • Mardi 28 Août 2018,Discours du Premier ministre à la Conférence annuelle des Ambassadeurs et des Ambassadrices
https://www.gouvernement.fr/partage/9476-point-de-situation-relatif-a-l-ouragan-irma,Document • Lundi 11 Septembre 2017,Point de situation relatif à l’ouragan Irma
https://www.gouvernement.fr/conseil-des-ministres/2017-11-22,Compte rendu du conseil des ministres • Mercredi 22 Novembre 2017,Compte rendu du Conseil des ministres du 22 novembre 2017
https://www.gouvernement.fr/conseil-des-ministres/2018-05-16,Compte rendu du conseil des ministres • Mercredi 16 Mai 2018,Compte rendu du Conseil des ministres du 16 mai 2018
https://www.gouvernement.fr/partage/9506-ouverture-des-assises-de-la-mobilite,Document • Mardi 19 Septembre 2017,Ouverture des Assises de la mobilité
https://www.gouvernement.fr/partage/9808-discours-devant-le-congres-de-nouvelle-caledonie,Document • Vendredi 8 Décembre 2017,Discours devant le Congrès de Nouvelle-Calédonie
https://www.gouvernement.fr/partage/9756-assises-de-l-economie-de-la-mer,Document • Mercredi 22 Novembre 2017,Assises de l'Economie de la mer 
https://www.gouvernement.fr/egalite-outremer/lu-vu-entendu-dans-les-medias,Ultramarins • Vendredi 13 Octobre 2017,LU-VU-ENTENDU DANS LES MEDIAS!
